date,close,bb_center,bb_upper,bb_lower,trade
2020-09-15,325.16900634765625,327.60176849365234,340.35136020172433,314.85217678558035,0
2020-09-16,323.8785095214844,327.6103713989258,340.3491237419556,314.87161905589596,0
2020-09-17,321.0299987792969,327.54393768310547,340.4112181256945,314.6766572405164,0
2020-09-18,317.3340148925781,327.24251861572264,340.78685492601977,313.6981823054255,0
2020-09-21,313.8022155761719,326.70715789794923,341.4956507145583,311.9186650813402,0
2020-09-22,316.99810791015625,326.16717529296875,341.56414925002855,310.77020133590895,0
2020-09-23,309.6466064453125,325.2022674560547,342.2017138327895,308.2028210793199,0
2020-09-24,310.47198486328125,324.1137329101563,341.980940850513,306.24652496979957,0
2020-09-25,315.4913635253906,323.2398452758789,340.9927111170561,305.4869794347017,0
2020-09-28,320.7314758300781,322.5204223632812,339.3904155755946,305.65042915096785,0
2020-09-29,318.9847717285156,321.7743621826172,337.82410118749766,305.72462317773676,0
2020-09-30,321.4033508300781,320.9919860839844,335.34172076405963,306.64225140390914,0
2020-10-01,323.4667053222656,320.06902465820315,330.6216757740535,309.5163735423528,0
2020-10-02,320.3955383300781,319.5808578491211,329.0119153989371,310.1498002993051,0
2020-10-05,326.0772399902344,319.5115631103516,328.71642083510153,310.3067053856016,0
2020-10-06,321.4416809082031,319.65785217285156,328.88904273800927,310.42666160769386,0
2020-10-07,327.0368957519531,319.7694091796875,329.31124119415404,310.22757716522096,0
2020-10-08,329.9352722167969,320.30787658691406,330.8675096093942,309.74824356443395,0
2020-10-09,332.88165283203125,320.98553771972655,332.92934322301124,309.04173221644186,0
2020-10-12,338.23687744140625,321.7206634521484,335.92157404649396,307.51975285780287,-1
2020-10-13,336.02947998046875,322.26368713378906,337.7886518202851,306.738722447293,-1
2020-10-14,333.91815185546875,322.76566925048826,339.1366685522116,306.39466994876494,-1
2020-10-15,333.50543212890625,323.3894409179687,340.4194071940915,306.35947464184596,-1
2020-10-16,333.3039245605469,324.1879364013672,341.5173802822474,306.858492520487,-1
2020-10-19,328.23651123046875,324.909651184082,341.60872797125734,308.2105743969067,-1
2020-10-20,329.5514221191406,325.5373168945313,341.92508686510945,309.1495469239531,-1
2020-10-21,328.92755126953125,326.50136413574216,341.12683968005086,311.87588859143347,-1
2020-10-22,330.7318420410156,327.5143569946289,340.13413590306885,314.8945780861889,-1
2020-10-23,331.8547668457031,328.33252716064453,339.7331562371736,316.93189808411546,-1
2020-10-26,325.7220764160156,328.5820571899414,339.49000984571325,317.67410453416954,0
2020-10-27,324.59918212890625,328.86277770996094,338.99194999634227,318.7336054235796,0
2020-10-28,313.5046691894531,328.4678436279297,340.29519473593854,316.6404925199209,1
2020-10-29,316.6910095214844,328.1290588378906,340.9093606804811,315.34875699530016,1
2020-10-30,313.3895568847656,327.778759765625,341.77754119170856,313.77997833954146,1
2020-11-02,316.9021911621094,327.32000732421875,342.1313361015504,312.5086785468871,1
2020-11-03,322.49737548828125,327.37279205322267,342.1032171911398,312.64236691530556,1
2020-11-04,329.7049255371094,327.50619354248045,342.27209215450426,312.7402949304566,0
2020-11-05,336.1351013183594,327.8161849975586,343.0497117399423,312.58265825517486,0
2020-11-06,336.058349609375,327.97501983642576,343.49449041738046,312.45554925547106,0
2020-11-09,340.2811279296875,328.07723236083984,343.9051355745851,312.2493291470946,0
2020-11-10,339.7821350097656,328.2648651123047,344.57143049019373,311.9582997344156,0
2020-11-11,342.3061218261719,328.6842636108398,346.0030923703375,311.3654348513421,0
2020-11-12,338.9855041503906,328.95826721191406,346.76479482583244,311.1517395979957,0
2020-11-13,343.6785888671875,329.4770004272461,348.3868445401558,310.5671563143364,0
2020-11-16,347.96856689453125,330.4636032104492,351.08268985472284,309.84451656617557,0
2020-11-17,346.0970764160156,331.29088592529297,353.0519446409729,309.529827209613,0
2020-11-18,341.9318542480469,331.94110107421875,354.17678469730015,309.70541745113735,0
2020-11-19,343.3714599609375,332.57308197021484,355.3753188142945,309.7708451261352,0
2020-11-20,341.0201721191406,333.0313522338867,356.1391620181352,309.9235424496382,0
2020-11-23,343.0643615722656,333.8984664916992,357.15248557861264,310.64444740478575,0
2020-11-24,348.5923156738281,335.09812316894534,358.8033686857675,311.39287765212316,0
2020-11-25,348.0549621582031,336.8256378173828,358.88357561014107,314.76770002462456,0
2020-11-27,349.0243225097656,338.4423034667969,358.97344765825153,317.91115927534224,0
2020-11-30,347.4791564941406,340.14678344726565,357.3035037807516,322.9900631137797,0
2020-12-01,351.27960205078125,341.8656539916992,355.80322351811236,327.9280844652861,0
2020-12-02,352.01861572265625,343.34171600341796,354.64697792610485,332.03645408073106,0
2020-12-03,351.92266845703125,344.4526031494141,354.40069775337037,334.5045085454578,0
2020-12-04,354.95538330078125,345.3936172485352,355.58648563452954,335.2007488625408,0
2020-12-07,354.2259826660156,346.3019989013672,356.22655113166513,336.37744667106926,0
2020-12-08,355.262451171875,347.0510650634766,357.317785094689,336.7843450322642,0
2020-12-09,352.076171875,347.66576690673827,357.56561808229117,337.7659157311854,0
2020-12-10,351.9610290527344,348.1485122680664,357.88824233026617,338.4087822058666,0
2020-12-11,351.54833984375,348.7766540527344,357.6060665115603,339.9472415939085,0
2020-12-14,349.974365234375,349.09144287109376,357.5985964451976,340.58428929698994,0
2020-12-15,354.705810546875,349.4283050537109,358.2750248802271,340.58158522719475,0
2020-12-16,355.262451171875,349.8865737915039,358.9535307752923,340.81961680771553,0
2020-12-17,357.2491149902344,350.6524368286133,359.4745936665635,341.8302799906631,0
2020-12-18,355.8226623535156,351.2749969482422,359.68128067973595,342.8687132167484,0
2020-12-21,354.5503845214844,351.9515075683594,358.9413502504992,344.9616648862195,0
2020-12-22,353.952880859375,352.49593353271484,358.1373437130057,346.854523352424,0
2020-12-23,354.27093505859375,352.7798645019531,358.1595774473116,347.4001515565946,0
2020-12-24,355.64910888671875,353.1595718383789,358.1961859262569,348.1229577505009,0
2020-12-28,358.7044677734375,353.6435791015625,358.86410257376326,348.4230556293618,0
2020-12-29,358.02020263671875,354.1706314086914,358.8734839603968,349.467778856986,0
2020-12-30,358.531005859375,354.53320159912107,359.4123856729888,349.6540175252533,0
2020-12-31,360.3526306152344,354.94990234375,360.32333403286896,349.57647065463107,-1
2021-01-04,355.44677734375,355.12610778808596,360.3093230297591,349.9428925464128,-1
2021-01-05,357.89483642578125,355.27308044433596,360.6006030903322,349.94555779833973,-1
2021-01-06,360.0345764160156,355.5635101318359,361.27048288260215,349.8565373810697,-1
2021-01-07,365.38372802734375,356.0695739746094,363.26503067207256,348.87411727714624,-1
2021-01-08,367.4655456542969,356.8390426635742,365.3985385302243,348.27954679692414,-1
2021-01-11,364.9886169433594,357.4904220581055,366.4598819013149,348.5209622148961,-1
2021-01-12,365.0656433105469,358.1662872314453,367.28634041983594,349.0462340430547,-1
2021-01-13,366.0487976074219,358.97000885009766,367.8811494029008,350.0588682972945,-1
2021-01-14,364.7669677734375,359.47306671142576,368.5057561707281,350.4403772521234,-1
2021-01-15,362.10675048828125,359.8152816772461,368.69357940386544,350.93698395062677,-1
2021-01-19,364.95001220703125,360.20032653808596,369.2757979943928,351.1248550817791,-1
2021-01-20,370.00042724609375,360.90921478271486,370.7292527774897,351.08917678794,-1
2021-01-21,370.3377380371094,361.6985824584961,371.8972175215101,351.49994739548214,-1
2021-01-22,369.0269775390625,362.4522872924805,372.46707433979327,352.4375002451677,-1
2021-01-25,370.4823303222656,363.2628570556641,373.11238184227597,353.4133322690522,-1
2021-01-26,369.90411376953125,363.97560729980466,373.5649575256246,354.3862570739847,-1
2021-01-27,360.8634338378906,364.0835556030273,373.46951302390534,354.6975981821493,0
2021-01-28,363.9669494628906,364.3808929443359,373.3244362461962,355.4373496424756,0
2021-01-29,356.6805114746094,364.28836822509766,373.52036717226423,355.0563692779311,0
2021-02-01,362.6175842285156,364.40161590576173,373.4847009317384,355.31853087978504,0
2021-02-02,367.7451171875,365.0165328979492,373.16404099037914,356.8690248055193,0
2021-02-03,368.03424072265625,365.523503112793,373.0427638890414,358.00424233654456,0
2021-02-04,372.21722412109375,366.13263549804685,373.7528072304659,358.5124637656278,0
2021-02-05,373.68218994140625,366.54755859375,374.86760437090794,358.2275128165921,0
2021-02-08,376.3809509277344,366.9933288574219,376.40428216477676,357.582375550067,0
2021-02-09,376.1302795410156,367.5504119873047,377.7479025546923,357.3529214199171,0
2021-02-10,375.96649169921875,368.09545440673827,378.88201293749125,357.3088958759853,0
2021-02-11,376.57366943359375,368.6216979980469,379.9986316621902,357.2447643339036,0
2021-02-12,378.43389892578125,369.30504455566404,381.33041715895206,357.279671952376,0
2021-02-16,378.1061096191406,370.10501251220705,382.2422962525424,357.9677287718717,0
2021-02-17,378.1929016113281,370.76715698242185,383.1624963846946,358.3718175801491,0
2021-02-18,376.5833435058594,371.09630279541017,383.75277188501,358.4398337058103,0
2021-02-19,375.9183044433594,371.37533111572264,384.20624477195923,358.54441745948606,0
2021-02-22,373.02679443359375,371.57532196044923,384.3767715474898,358.77387237340866,0
2021-02-23,373.4798278808594,371.7251968383789,384.54294392890574,358.90744974785207,0
2021-02-24,377.5953063964844,372.10975646972656,385.1569070983112,359.06260584114193,0
2021-02-25,368.49688720703125,372.4914291381836,384.5635216511412,360.41933662522604,0
2021-02-26,366.59814453125,372.62298889160155,384.35653167015005,360.88944611305305,0
2021-03-01,375.4845886230469,373.5631927490234,382.62796115965835,364.4984243383885,0
2021-03-02,372.5545349121094,374.06004028320314,381.55153047873006,366.5685500876762,0
2021-03-03,367.6198425292969,374.053776550293,381.56767425813706,366.5398788424489,0
2021-03-04,363.0705871582031,373.8055938720703,382.40599011674414,365.20519762739644,1
2021-03-05,369.74981689453125,373.6822235107422,382.4477586214415,364.91668840004286,1
2021-03-08,367.9089660644531,373.39356231689453,382.53143461655884,364.2556900172302,1
2021-03-09,373.1617736816406,373.2326034545898,382.26167292271145,364.2035339864682,1
2021-03-10,375.4845886230469,373.20031890869143,382.1902959954232,364.2103418219597,0
2021-03-11,379.2916564941406,373.3665771484375,382.68880145633403,364.04435284054097,0
2021-03-12,379.8024597167969,373.5280166625977,383.1897398705163,363.86629345467907,0
2021-03-15,382.0674743652344,373.70969543457034,383.8829500133977,363.53644085574297,0
2021-03-16,381.5855407714844,373.8836669921875,384.48353716496,363.283796819415,0
2021-03-17,382.8867492675781,374.118359375,385.31122649879484,362.9254922512052,0
2021-03-18,377.31585693359375,374.15498504638674,385.38654133089756,362.9234287618759,0
2021-03-19,376.61767578125,374.18995361328126,385.4489468660601,362.9309603605024,0
2021-03-22,379.625,374.5198638916016,386.01946010581923,363.0202676773839,0
2021-03-23,376.6369934082031,374.67772216796874,386.2038532571692,363.15159107876826,0
2021-03-24,374.722412109375,374.5340774536133,385.9784287454947,363.0897261617319,0
2021-03-25,376.8304138183594,374.9507537841797,386.07186410052464,363.8296434678348,0
2021-03-26,382.90301513671875,375.7659973144531,386.6978978925863,364.8340967363199,0
2021-03-29,382.7096252441406,376.1272491455078,387.4890536626185,364.76544462839706,0
2021-03-30,381.69427490234375,376.58423614501953,388.07547862635676,365.0929936636823,0
2021-03-31,383.241455078125,377.3653167724609,388.4057932827497,366.32484026217213,0
2021-04-01,387.38006591796875,378.5807907104492,388.2641562117588,368.8974252091396,0
2021-04-05,392.9402160644531,379.7403106689453,390.4686618208041,369.01195951708655,-1
2021-04-06,392.7081604003906,380.9802703857422,391.6834191806684,370.27712159081597,-1
2021-04-07,393.16259765625,381.98031158447264,393.3258526156733,370.634770553272,-1
2021-04-08,395.0289001464844,382.95752716064453,395.2726733520835,370.6423809692056,-1
2021-04-09,397.90081787109375,383.8879852294922,397.7515816893558,370.02438876962856,-1
2021-04-12,398.0459289550781,384.80015869140624,399.87932766640586,369.7209897164066,-1
2021-04-13,399.2255859375,385.6580642700195,401.9834832530097,369.3326452870293,-1
2021-04-14,397.86212158203125,386.4718933105469,403.5480318589669,369.39575476212684,-1
2021-04-15,402.1361999511719,387.4343658447266,405.78225595050213,369.08647573895104,-1
2021-04-16,403.48028564453125,388.7425872802734,407.7712224443363,369.7139521162106,-1
2021-04-19,401.4979553222656,389.9866012573242,408.9306021769814,371.042600337667,-1
2021-04-20,398.558349609375,390.93326873779296,409.58715538985246,372.27938208573346,-1
2021-04-21,402.3295593261719,392.21789703369143,410.2548889525542,374.18090511482865,-1
2021-04-22,398.6550598144531,393.41452941894534,409.6498943827041,377.1791644551866,-1
2021-04-23,402.9774169921875,394.72187957763674,409.4779398733568,379.9658192819167,-1
2021-04-26,403.81866455078125,395.76766204833984,409.9504089357686,381.58491516091107,-1
2021-04-27,403.7316589355469,396.81876373291016,410.00791872966204,383.6296087361583,-1
2021-04-28,403.6156311035156,397.9148315429687,409.336883585007,386.49277950093045,-1
2021-04-29,406.18780517578125,399.06214904785156,408.75759467157644,389.3667034241267,-1
2021-04-30,403.5189514160156,399.8690933227539,408.0367671214855,391.70141952402224,-1
2021-05-03,404.38922119140625,400.44154357910156,408.1568050449488,392.72628211325434,-1
2021-05-04,401.8944396972656,400.90085754394534,407.71927359609083,394.08244149179984,-1
2021-05-05,402.0201416015625,401.34373474121094,407.11627617569025,395.57119330673163,-1
2021-05-06,405.23052978515625,401.8538162231445,407.0511230520677,396.65650939422136,-1
2021-05-07,408.17974853515625,402.36776275634764,407.9386531636132,396.7968723490821,-1
2021-05-10,404.1377868652344,402.67235565185547,407.90413296819224,397.4405783355187,-1
2021-05-11,400.5309753417969,402.7376251220703,407.8187497812567,397.6565004628839,0
2021-05-12,392.0216064453125,402.4455993652344,409.1261543802957,395.76504435017307,1
2021-05-13,396.73077392578125,402.17532806396486,409.3291888986424,395.0214672292873,1
2021-05-14,402.82269287109375,402.14244842529297,409.2770747164368,395.00782213414914,0
2021-05-17,401.7977294921875,402.1574371337891,409.28762064140284,395.0272536261753,0
2021-05-18,398.3359680175781,402.14631805419924,409.30078559578794,394.99185051261054,0
2021-05-19,397.2916259765625,401.89442138671876,409.3693034910589,394.41953928237865,0
2021-05-20,401.56561279296875,402.03994903564455,409.3610351286961,394.71886294259303,0
2021-05-21,401.23681640625,401.95291900634766,409.2684630030247,394.6373750096706,0
2021-05-24,405.32720947265625,402.0283462524414,409.45514932141344,394.60154318346935,0
2021-05-25,404.4278869628906,402.0631576538086,409.52999596197617,394.59631934564106,0
2021-05-26,405.23052978515625,402.14390258789064,409.7156176899948,394.57218748578646,0
2021-05-27,405.4432067871094,402.106672668457,409.6015996441333,394.61174569278074,0
2021-05-28,406.1684875488281,402.23914947509763,409.9302786925323,394.548020257663,0
2021-06-01,405.8106994628906,402.3102233886719,410.1105082275032,394.50993854984057,0
2021-06-02,406.4488525390625,402.5379440307617,410.5501629663695,394.5257250951539,0
2021-06-03,404.9403991699219,402.6839569091797,410.76260484737554,394.60530897098386,0
2021-06-04,408.6438903808594,402.85462493896483,411.2958751140917,394.41337476383796,0
2021-06-07,408.2474670410156,402.85801086425784,411.30830418584094,394.40771754267473,0
2021-06-08,408.3345031738281,403.0678466796875,411.8537078310713,394.28198552830366,0
2021-06-09,407.72528076171875,403.4275619506836,412.36391015496565,394.4912137464015,0
2021-06-10,409.62054443359375,404.30750885009763,411.87611570878073,396.73890199141454,0
2021-06-11,410.29742431640625,404.98584136962893,412.1142511206892,397.8574316185687,0
2021-06-14,411.2160949707031,405.4055114746094,412.97250295168305,397.83851999753574,0
2021-06-15,410.46185302734375,405.8387176513672,413.52711091723575,398.1503243854986,0
2021-06-16,408.1700744628906,406.33042297363284,413.2142346065344,399.4466113407313,0
2021-06-17,408.03472900390625,406.867578125,412.30665103545306,401.428505214547,0
2021-06-18,402.5301208496094,406.91580352783205,412.170933904081,401.6606731515831,0
2021-06-21,408.2927551269531,407.2686004638672,411.81852619968083,402.71867472805354,0
2021-06-22,410.4755554199219,407.5260177612305,412.19447750421836,402.8575580182426,0
2021-06-23,409.9808044433594,407.8036636352539,412.35534976240353,403.25197750810423,0
2021-06-24,412.4062194824219,408.1624481201172,412.98340560821293,403.3414906320214,0
2021-06-25,413.87109375,408.5838424682617,413.85622623558345,403.31145870093997,-1
2021-06-28,414.7054138183594,409.0106887817383,414.81515867825675,403.2062188852198,-1
2021-06-29,414.9285888671875,409.4665832519531,415.63374929264967,403.2994172112566,-1
2021-06-30,415.2777404785156,409.9080276489258,416.41998567232866,403.3960696255229,-1
2021-07-01,417.5770263671875,410.53985900878905,417.4616564397478,403.6180615778303,-1
2021-07-02,420.768798828125,411.14610443115237,419.3701311181369,402.92207774416784,-1
2021-07-06,420.0023498535156,411.73384857177734,420.7295965939085,402.73810054964616,-1
2021-07-07,421.48663330078125,412.391455078125,422.22479124981413,402.5581189064358,-1
2021-07-08,418.05242919921875,412.9078125,422.7938986476808,403.02172635231915,-1
2021-07-09,422.5150146484375,413.5525360107422,424.18930100610714,402.91577101537723,-1
2021-07-12,424.0284118652344,414.2390853881836,425.7294921627548,402.74867861361236,-1
2021-07-13,422.5829162597656,414.8074264526367,426.78249431094616,402.8323585943273,-1
2021-07-14,423.2135009765625,415.4450088500977,427.79779283410585,403.0922248660895,-1
2021-07-15,421.7679748535156,416.1249038696289,428.2871286204885,403.9626791187693,-1
2021-07-16,418.4598083496094,416.6461578369141,428.228225303785,405.0640903700432,-1
2021-07-19,412.2800598144531,417.13365478515624,426.89105530781313,407.37625426249934,0
2021-07-20,418.1882019042969,417.62842712402346,426.457651064072,408.7992031839749,0
2021-07-21,421.573974609375,418.18334808349607,426.49987828089706,409.8668178860951,0
2021-07-22,422.45684814453125,418.80715026855466,426.3706457187868,411.2436548183225,0
2021-07-23,426.8030700683594,419.52699279785156,427.2638499654121,411.79013563029105,0
2021-07-26,427.85076904296875,420.2259765625,428.3286667632304,412.12328636176966,0
2021-07-27,425.9007873535156,420.78574523925784,428.8292400334517,412.742250445064,0
2021-07-28,425.7261962890625,421.32562561035155,429.1605937848324,413.49065743587073,0
2021-07-29,427.4918212890625,421.9363296508789,429.69007667008543,414.1825826316724,0
2021-07-30,425.4157409667969,422.32826538085936,429.94546643660345,414.7110643251153,0
2021-08-02,424.523193359375,422.5159851074219,430.1563808070699,414.8755894077739,0
2021-08-03,427.9768981933594,422.9147125244141,430.8301585716982,414.99926647713,0
2021-08-04,425.8717041015625,423.13396606445315,431.1254194692828,415.1425126596235,0
2021-08-05,428.5686950683594,423.65977935791017,431.6272854164889,415.6922732993314,0
2021-08-06,429.27685546875,423.9978713989258,432.3265208629591,415.66922193489245,0
2021-08-09,428.9276428222656,424.24283294677736,432.8585102041814,415.6271556893733,0
2021-08-10,429.4612121582031,424.58674774169924,433.4684570346452,415.70503844875327,0
2021-08-11,430.5283508300781,424.952490234375,434.19135663776837,415.7136238309816,0
2021-08-12,431.818603515625,425.4550216674805,435.0510264891009,415.8590168458601,0
2021-08-13,432.6044616699219,426.1622543334961,435.67206796448943,416.65244070250276,0
2021-08-16,433.6230773925781,427.22940521240236,434.7652280640534,419.6935823607513,0
2021-08-17,430.7806091308594,427.8590255737305,434.2281158957625,421.48993525169845,0
2021-08-18,426.0657043457031,428.0836120605469,433.8032105626429,422.3640135584509,0
2021-08-19,426.72540283203125,428.2970397949219,433.42002855160933,423.17405103823444,0
2021-08-20,430.12091064453125,428.46293182373046,433.59708929744295,423.32877435001797,0
2021-08-23,433.9044494628906,428.76561584472654,434.4338280421991,423.097403647254,0
2021-08-24,434.5932312011719,429.2002380371094,435.26283986966286,423.1376362045559,0
2021-08-25,435.50518798828125,429.68918762207034,436.13718059487456,423.2411946492661,0
2021-08-26,432.934326171875,429.96131286621096,436.4778566058963,423.4447691265256,0
2021-08-27,436.80517578125,430.5307846069336,437.35798485633586,423.7035843575313,0
2021-08-30,438.7260437011719,431.2409271240234,438.3843557796145,424.0974984684323,-1
2021-08-31,438.0760192871094,431.7458831787109,439.33189120210966,424.1598751553122,-1
2021-09-01,438.3088684082031,432.367741394043,439.9652943479493,424.7701884401367,-1
2021-09-02,439.6573791503906,432.9221755981445,440.9581666334246,424.88618456286446,-1
2021-09-03,439.5506591796875,433.4358657836914,441.7975875306727,425.0741440367101,-1
2021-09-07,437.97900390625,433.8884338378906,442.2024300026759,425.5744376731053,-1
2021-09-08,437.4454345703125,434.2876449584961,442.47231098217935,426.1029789348129,-1
2021-09-09,435.5731506347656,434.53988494873045,442.5457292924145,426.5340406050464,-1
2021-09-10,432.1387939453125,434.55589447021487,442.5400771444729,426.57171179595684,0
2021-09-13,433.24468994140625,434.58790588378906,442.54423066832646,426.63158109925166,0
2021-09-14,430.9067077636719,434.45208740234375,442.5688813863593,426.3352934183282,0
2021-09-15,434.5059509277344,434.6383544921875,442.5692451537413,426.7074638306337,0
2021-09-16,433.8171691894531,435.025927734375,441.8769765386392,428.17487893011076,0
2021-09-17,429.5912780761719,435.16922149658205,441.37916551480043,428.9592774783637,0
2021-09-20,422.4282531738281,434.7845886230469,442.9546772621857,426.61449998390805,1
2021-09-21,422.0291748046875,434.1908248901367,444.15855159174237,424.223098188531,1
2021-09-22,426.14599609375,433.7684631347656,444.3606999599727,423.17622630955856,1
2021-09-23,431.32366943359375,433.55938720703125,444.1723394003046,422.9464350137579,1
2021-09-24,432.0342102050781,433.5143814086914,444.14611183051716,422.88265098686566,1
2021-09-27,430.79815673828125,433.21403045654296,443.79359736479967,422.63446354828625,1
2021-09-28,422.1167907714844,432.3835678100586,443.72169580289653,421.04543981722065,1
2021-09-29,422.8272399902344,431.62112884521486,443.3901388146978,419.8521188757319,1
2021-09-30,417.6593322753906,430.5886520385742,443.45890591300366,417.71839816414473,1
2021-10-01,422.6228332519531,429.73692474365237,442.33191109017054,417.1419383971342,1
2021-10-04,417.1726989746094,428.61802673339844,441.51455189187345,415.7215015749234,1
2021-10-05,421.5133361816406,427.794743347168,440.2705265336357,415.31896016070027,1
2021-10-06,423.2651672363281,427.0857299804687,438.84329649046833,415.3281634704691,1
2021-10-07,426.92462158203125,426.653303527832,437.7119181973323,415.5946888583317,0
2021-10-08,426.14599609375,426.3536636352539,437.10699973300547,415.6003275375023,0
2021-10-11,423.0608215332031,425.84447021484374,436.18023982301213,415.50870060667535,0
2021-10-12,422.01947021484375,425.40010833740234,435.582537579708,415.2176790950967,0
2021-10-13,423.5377197265625,424.85169677734376,434.10856765171735,415.5948259029702,0
2021-10-14,430.6618957519531,424.6939331054688,433.3985212042748,415.98934500666275,0
2021-10-15,433.94171142578125,424.91145477294924,434.3202738043856,415.5026357415129,0
2021-10-18,435.2264099121094,425.5513626098633,435.93900990426414,415.16371531546247,0
2021-10-19,438.58416748046875,426.37911224365234,438.13348508480334,414.62473940250135,-1
2021-10-20,440.3067932128906,427.0871520996094,440.3868127958022,413.7874914034166,-1
2021-10-21,441.4551696777344,427.5937271118164,442.273065363466,412.9143888601668,-1
2021-10-22,440.997802734375,428.0419067382812,443.7997997867108,412.28401368985163,-1
2021-10-25,443.36279296875,428.6701385498047,445.8301735451166,411.51010355449273,-1
2021-10-26,443.76177978515625,429.7523880004883,447.8753788977432,411.6293971032334,-1
2021-10-27,441.7958679199219,430.70081939697263,449.2775483984528,412.1240903954925,-1
2021-10-28,446.05865478515625,432.12078552246095,450.84120630265676,413.40036474226514,-1
2021-10-29,446.9638366699219,433.33783569335935,452.614972847346,414.0606985393727,-1
2021-11-01,447.732666015625,434.86583404541017,453.5844821952504,416.1471858955699,-1
2021-11-02,449.5428771972656,436.2673110961914,454.9738291476781,417.5607930447047,-1
2021-11-03,452.28741455078125,437.7184234619141,456.67909778611227,418.7577491377159,-1
2021-11-04,454.4188537597656,439.09313507080077,458.73337643706094,419.4528937045406,-1
2021-11-05,455.9955139160156,440.5856109619141,460.61597187317795,420.5552500506502,-1
2021-11-08,456.3847961425781,442.25180969238284,461.6791078780884,422.82451150667725,-1
2021-11-09,454.8762512207031,443.89464874267577,461.59861889240426,426.1906785929473,-1
2021-11-10,451.21685791015625,445.27860565185546,460.4249000337737,430.1323112699372,-1
2021-11-11,451.3628234863281,446.3136520385742,460.0145293600717,432.6127747170767,-1
2021-11-12,454.7691955566406,447.3550262451172,460.2381754510604,434.471877039174,-1
2021-11-15,454.9249572753906,448.33995361328124,460.29762164140135,436.3822855851611,-1
2021-11-16,456.7254333496094,449.2470169067383,460.8352895463594,437.6587442671172,-1
2021-11-17,455.615966796875,450.0124755859375,461.1270528454526,438.8978983264224,-1
2021-11-18,457.1634216308594,450.7978881835937,461.5814699275315,440.01430643965597,-1
2021-11-19,456.3459167480469,451.56529388427737,461.5686352553558,441.56195251319895,-1
2021-11-22,455.06121826171875,452.1502151489258,461.4794593959935,442.82097090185806,-1
2021-11-23,455.6646423339844,452.7453582763672,461.30864263516804,444.18207391756636,-1
2021-11-24,456.8811340332031,453.49962158203124,460.52066925697216,446.4785739070903,-1
2021-11-26,446.6912841796875,453.5312530517578,460.41551787081676,446.64698823269885,0
2021-11-29,452.1706848144531,453.7915954589844,459.9897591868176,447.59343173115116,0
2021-11-30,443.37255859375,453.57359008789064,460.87718741276916,446.2699927630121,1
2021-12-01,438.4478759765625,453.01884002685546,462.8571396693694,443.1805403843415,1
2021-12-02,445.16326904296875,452.66263275146486,463.1094907944665,442.2157747084632,1
2021-12-03,441.28973388671875,452.0061767578125,463.57782842572095,440.43452508990407,1
2021-12-06,446.51605224609375,451.5322036743164,463.1920626384446,439.8723447101882,1
2021-12-07,455.752197265625,451.5005737304688,463.10832214745,439.89282531348755,0
2021-12-08,456.9590148925781,451.6047119140625,463.3761907990012,439.83323302912373,0
2021-12-09,453.8738098144531,451.73755950927733,463.55050559032514,439.9246134282295,0
2021-12-10,458.1463623046875,452.0767364501953,464.22904667482106,439.92442622556956,0
2021-12-13,454.0879211425781,452.0426727294922,464.16699260506255,439.9183528539219,0
2021-12-14,450.9637756347656,451.84461364746096,463.899905439013,439.7893218559089,0
2021-12-15,458.0101623535156,451.9088500976562,464.086714825394,439.73098536991847,0
2021-12-16,453.97119140625,451.826611328125,463.92099560523,439.73222705102,0
2021-12-17,449.1396179199219,451.4254211425781,463.30482783093123,439.546014454225,0
2021-12-20,444.36370849609375,450.8263107299805,462.8683361173089,438.7842853426521,0
2021-12-21,452.25518798828125,450.6860092163086,462.58481801480593,438.7872004178113,0
2021-12-22,456.77716064453125,450.74163513183595,462.7483551323562,438.7349151313157,0
2021-12-23,459.6192626953125,450.87854156494143,463.2373036518951,438.51977947798775,0
2021-12-27,466.1238098144531,451.8501678466797,465.7786632767499,437.9216724166095,-1
2021-12-28,465.742919921875,452.5287796020508,467.7824916907038,437.2750675133978,-1
2021-12-29,466.33868408203125,453.67708587646484,469.47658394905784,437.87758780387185,-1
2021-12-30,465.0494689941406,455.0071655273438,469.85895746558015,440.1553735891074,-1
2021-12-31,463.87750244140625,455.9428771972656,470.5392295918554,441.3465248026758,-1
2022-01-03,466.5633544921875,457.20655822753906,470.80335564067275,443.6097608144054,-1
2022-01-04,466.40704345703125,458.20110778808595,471.4097629110418,444.9924526651301,-1
2022-01-05,457.4510192871094,458.28604888916016,471.4501698120634,445.1219279662569,0
2022-01-06,457.02130126953125,458.28916320800784,471.4519916656842,445.12633475033147,0
2022-01-07,455.2144775390625,458.35619659423827,471.4377523415288,445.27464084694776,0
2022-01-10,454.6479797363281,458.1812774658203,471.3677828203701,444.9947721112705,0
2022-01-11,458.7890319824219,458.4163330078125,471.4624650328387,445.37020098278634,0
2022-01-12,460.0294189453125,458.86961517333987,471.44703482569986,446.2921955209799,0
2022-01-13,453.6908874511719,458.65365142822264,471.4398060220892,445.8674968343561,0
2022-01-14,453.87640380859375,458.64891204833987,471.44244267410744,445.8553814225723,0
2022-01-18,445.8384704589844,458.48385467529295,471.865612746085,445.1020966045009,0
2022-01-19,441.20904541015625,458.3261215209961,472.46179714296574,444.19044589902643,1
2022-01-20,436.32568359375,457.5296463012695,474.5967453033325,440.4625472992065,1
2022-01-21,427.7603454589844,456.0788055419922,477.7323169112771,434.4252941727073,1
2022-01-24,429.5769958496094,454.57669219970705,479.1652574698063,429.9881269296078,1
2022-01-25,424.3322448730469,452.4871139526367,479.8863158179732,425.08791208730025,1
2022-01-26,423.2677001953125,450.3633529663086,479.9348640875124,420.7918418451048,1
2022-01-27,421.1776123046875,448.1052993774414,479.38795950112495,416.8226392537578,1
2022-01-28,431.63775634765625,446.43471374511716,477.47503006982737,415.39439742040696,1
2022-01-31,439.4120178222656,445.21143951416013,475.27022494308363,415.15265408523663,1
2022-02-01,442.38104248046875,444.00232391357423,472.34101951692725,415.6636283102212,1
2022-02-02,446.6783752441406,443.01589050292966,469.3752160306109,416.65656497524844,0
2022-02-03,436.17919921875,441.9522994995117,467.5652468382927,416.3393521607307,0
2022-02-04,438.2302551269531,441.0127471923828,465.6585890249084,416.3669053598572,0
2022-02-07,436.8238525390625,440.0932159423828,463.8648494466609,416.3215824381047,0
2022-02-08,440.41796875,439.38171539306643,462.14974381751387,416.613686968619,0
2022-02-09,446.8639831542969,438.7854629516602,459.98402231816203,417.5869035851583,0
2022-02-10,438.8357849121094,437.72578125,456.4244343179255,419.02712818207453,0
2022-02-11,430.1825256347656,436.5503631591797,453.9325813062405,419.16814501211894,0
2022-02-14,428.77606201171875,435.29534606933595,450.94895757435165,419.64173456432025,0
2022-02-15,435.69091796875,434.78796844482423,449.6400052827533,419.93593160689517,0
2022-02-16,436.17919921875,434.5364761352539,449.0982109050528,419.97474136545503,0
2022-02-17,426.8618469238281,434.0632843017578,448.9906877678028,419.1358808357128,0
2022-02-18,424.097900390625,433.88016204833986,449.21736271845134,418.54296137822837,0
2022-02-22,419.5466613769531,433.378645324707,449.91723059201195,416.84006005740207,0
2022-02-23,412.10443115234375,432.7672546386719,451.4756634919908,414.05884578535296,1
2022-02-24,418.3062744140625,432.51918334960936,451.87822473411916,413.16014196509957,1
2022-02-25,427.5357360839844,432.8370895385742,451.6119412615104,414.062237815638,1
2022-02-28,426.4418640136719,432.577294921875,451.5646157125658,413.58997413118425,1
2022-03-01,419.9470520019531,431.6040466308594,451.1048024635129,412.1032907982059,1
2022-03-02,427.6724853515625,430.8686187744141,449.7579026906417,411.97933485818646,1
2022-03-03,425.5433349609375,429.8118667602539,447.28906829642483,412.334665224083,1
2022-03-04,422.0859680175781,429.1072052001953,446.63982355184146,411.5745868485492,1
2022-03-07,409.6431579589844,427.6778503417969,446.67853367340757,408.6771670101862,1
2022-03-08,406.53741455078125,426.1635284423828,446.84801841873934,405.4790384660263,1
2022-03-09,417.4370422363281,425.01448211669924,444.90277510457037,405.1261891288281,1
2022-03-10,415.5520324707031,423.44888458251955,440.8721013094806,406.0256678555585,1
2022-03-11,410.268310546875,422.0205108642578,438.80468941600594,405.23633231250966,1
2022-03-14,407.2698974609375,420.87487945556643,438.4237811758223,403.3259777353106,1
2022-03-15,416.2259521484375,420.2473739624023,437.50173936872926,402.9930085560754,1
2022-03-16,425.4554748535156,419.7356018066406,435.613560014959,403.8576435983222,0
2022-03-17,430.7782897949219,419.4655563354492,434.31647136048554,404.6146413104129,0
2022-03-18,435.4964904785156,419.8972885131836,436.0945517498496,403.7000252765176,0
2022-03-21,435.369140625,420.46085052490236,438.00207938723673,402.919621662568,0
2022-03-22,440.4635925292969,421.5066970825195,441.18274673931006,401.83064742572896,0
2022-03-23,434.79107666015625,422.64102935791016,442.64779589683496,402.63426281898535,0
2022-03-24,441.3453063964844,423.79298095703126,445.34246325271835,402.2434986613442,0
2022-03-25,443.50067138671875,424.59122772216796,447.8402085823608,401.3422468619751,0
2022-03-28,446.6552734375,425.6018981933594,450.86020559194446,400.3435907947743,0
2022-03-29,452.1808166503906,427.2135864257813,454.9451029131482,399.4820699384143,0
2022-03-30,449.3886413574219,428.29939422607424,457.7536180610959,398.8451703910526,0
2022-03-31,442.47198486328125,429.1458267211914,459.2327400732505,399.05891336913226,0
2022-04-01,443.72601318359375,430.2278289794922,460.79830610722576,399.6573518517586,0
2022-04-04,447.5272216796875,432.12203216552734,462.0092307407505,402.23483359030416,0
2022-04-05,441.8743591308594,433.8888793945313,461.49899300240526,406.2787657866573,0
2022-04-06,437.4559020996094,434.8898223876953,461.4189929916127,408.3606517837779,0
2022-04-07,439.6602478027344,436.09523315429686,461.0700911597635,411.12037514883025,0
2022-04-08,438.484619140625,437.50604858398435,459.32662317894096,415.68547398902774,0
2022-04-11,430.9898986816406,438.69204864501955,455.623840363406,421.76025692663313,0
2022-04-12,429.3929748535156,439.35039978027345,453.37920637329324,425.32159318725365,0
2022-04-13,434.3110656738281,439.7931793212891,452.4692246417724,427.1171340008057,0
2022-04-14,428.90313720703125,439.69942169189454,452.6802907554074,426.7185526283817,0
2022-04-18,429.0794677734375,439.3785705566406,453.093325954695,425.66381515858626,0
2022-04-19,436.0059509277344,439.41041107177733,453.0888821132325,425.73194003032216,0
2022-04-20,435.68267822265625,439.17136535644534,452.9391511860224,425.40357952686827,0
2022-04-21,429.1676330566406,438.8901931762695,453.25153182189763,424.5288545306414,0
2022-04-22,417.3916320800781,437.69250946044923,454.90419367522327,420.4808252456752,1
2022-04-25,419.8114929199219,436.5080505371094,455.2308876922635,417.7852133819553,1
2022-04-26,407.6534118652344,434.5579574584961,456.6517945505886,412.4641203664036,1
2022-04-27,408.79962158203125,432.38889770507814,455.6832795651165,409.0945158450398,1
2022-04-28,419.1257019042969,430.87575073242186,453.4408046550993,408.3106968097444,1
2022-04-29,403.6366271972656,428.9339828491211,453.8578704935257,404.0100952047165,1
2022-05-02,406.0663146972656,427.0509979248047,452.9411068815397,401.1608889680696,1
2022-05-03,407.9277648925781,425.0710250854492,450.41884021796636,399.72320995293205,1
2022-05-04,420.350341796875,423.99482421875,448.13781656162234,399.8518318758777,1
2022-05-05,405.409912109375,422.3925247192383,447.02263228230396,397.7624171561726,1
2022-05-06,402.9900207519531,420.5590133666992,445.23629064256914,395.8817360908293,1
2022-05-09,390.08740234375,418.13915252685547,444.82514440353634,391.4531606501746,1
2022-05-10,390.9886779785156,416.1390914916992,444.69992953107396,387.5782534523245,1
2022-05-11,384.77740478515625,413.90831298828124,444.97035445189204,382.84627152467044,1
2022-05-12,384.375732421875,411.4115463256836,443.57646221364456,379.2466304377227,1
2022-05-13,393.5653076171875,409.64465484619143,441.6458324276566,377.64347726472624,1
2022-05-16,391.96844482421875,407.78910369873046,439.346013151034,376.2321942464269,1
2022-05-17,400.0313720703125,405.99037475585936,434.75261774589336,377.22813176582537,1
2022-05-18,383.90545654296875,403.401513671875,430.1619839167272,376.64104342702285,1
2022-05-19,381.5541687011719,401.0208404541016,426.57427104640374,375.4674098617994,1
2022-05-20,381.7207336425781,399.23729553222654,424.9585350706938,373.51605599375927,1
2022-05-23,388.86279296875,397.68986053466796,421.87753412435364,373.50218694498227,1
2022-05-24,385.894287109375,396.601904296875,420.85993433705227,372.3438742566977,1
2022-05-25,389.3036193847656,395.6271041870117,419.3829812544222,371.8712271196012,1
2022-05-26,397.0824279785156,394.52494049072266,415.58256383235147,373.46731714909384,0
2022-05-27,406.8304748535156,394.6846328735352,416.07895054983317,373.2903151972372,0
2022-05-31,404.5477294921875,394.60870361328125,415.8431226723376,373.3742845542249,0
2022-06-01,401.27557373046875,394.2760940551758,414.82956632998594,373.72262178036567,0
2022-06-02,408.9172668457031,393.7044403076172,411.67855381251906,375.7303268027153,0
2022-06-03,402.2062683105469,393.5442581176758,411.13209144208304,375.9564247932685,0
2022-06-06,403.430908203125,393.56630249023436,411.20501669361545,375.9275882868533,0
2022-06-07,407.3006896972656,394.42696685791014,413.00570919086675,375.84822452495354,0
2022-06-08,402.8724670410156,395.02115631103516,413.89469299187306,376.14761963019725,0
2022-06-09,393.2909851074219,395.44683532714845,413.7221239753325,377.1715466789644,0
2022-06-10,381.8872985839844,395.3224136352539,413.9456387168014,376.6991885537064,0
2022-06-13,367.38775634765625,394.01353607177737,416.44664544057355,371.5804267029812,1
2022-06-14,366.2806396484375,392.7291458129883,418.36772225697894,367.09056936899765,1
2022-06-15,371.50250244140625,391.30270233154295,418.36559952055404,364.23980514253185,1
2022-06-16,359.20721435546875,390.06779022216796,420.58543952481625,359.55014091951966,1
2022-06-17,359.9815979003906,388.9891616821289,422.18152380777383,355.79679955648396,1
2022-06-21,369.0435791015625,388.3553039550781,422.5996027428947,354.1110051672615,1
2022-06-22,368.3745422363281,387.33089141845704,422.718004357723,351.9437784791911,1
2022-06-23,371.9855651855469,386.6354553222656,422.6819733621936,350.5889372823376,1
2022-06-24,383.8124084472656,386.36089477539065,422.405493677685,350.3162958730963,1
2022-06-27,382.34637451171875,385.6240921020508,421.34691337261876,349.9012708314828,1
2022-06-28,374.533935546875,384.00926513671874,418.597664129566,349.4208661438715,1
2022-06-29,374.22894287109375,382.4933258056641,415.9300284026284,349.05662320869976,1
2022-06-30,371.1885681152344,380.98897552490234,413.5638300396986,348.4141210101061,1
2022-07-01,375.1144714355469,379.29883575439453,409.16772236502896,349.4299491437601,1
2022-07-05,375.8228759765625,377.9796661376953,405.8524674452327,350.10686483015786,1
2022-07-06,377.0921630859375,376.66272888183596,401.8298647820377,351.4955929816342,0
2022-07-07,382.73992919921875,375.43469085693357,396.3438358604657,354.52554585340147,0
2022-07-08,382.4250793457031,374.41232147216795,391.2820565889041,357.5425863554318,0
2022-07-11,378.05645751953125,373.6505950927734,388.13880495752613,359.1623852280207,0
2022-07-12,374.7110595703125,373.29178314208986,387.267479711426,359.3160865727537,0
2022-07-13,372.7431640625,373.559553527832,387.2614925397247,359.8576145159393,0
2022-07-14,371.8379821777344,373.83742065429686,387.1373367451059,360.5375045634878,0
2022-07-15,378.94195556640625,374.2093933105469,387.6497415091635,360.76904511193027,0
2022-07-18,375.8130798339844,375.03968658447263,386.4808197380136,363.59855343093164,0
2022-07-19,385.96722412109375,376.33896789550784,386.3985290507209,366.27940674029475,0
2022-07-20,388.42706298828125,377.3081420898437,388.1154352750402,366.5008489046472,-1
2022-07-21,392.3824768066406,378.5085388183594,390.4151565992049,366.6019210375139,-1
2022-07-22,388.7419128417969,379.3463562011719,391.6711694074113,367.0215429949325,-1
2022-07-25,389.2142333984375,379.61644744873047,392.57386954270396,366.659025354757,-1
2022-07-26,384.6094055175781,379.72959899902344,392.82617390536706,366.6330240926798,-1
2022-07-27,394.5963439941406,380.7327194213867,395.1594597923608,366.30597905041265,-1
2022-07-28,399.5455017089844,381.99854736328126,398.3383388947697,365.6587558317928,-1
2022-07-29,405.370361328125,383.70763702392577,402.284153194624,365.1311208532275,-1
2022-08-01,404.1699523925781,385.16041107177733,405.37929663467145,364.9415255088832,-1
2022-08-02,401.5035400390625,386.44444427490237,407.41434406196856,365.47454448783617,-1
2022-08-03,407.7908630371094,387.97937927246096,410.5034400109949,365.455318533927,-1
2022-08-04,407.5153503417969,389.21815032958983,413.2065005137055,365.22980014547414,-1
2022-08-05,406.8266296386719,390.43822784423827,415.43290278865544,365.4435528998211,-1
2022-08-08,406.35430908203125,391.8531204223633,417.0991119517451,366.6071288929815,-1
2022-08-09,404.74066162109375,393.35460052490237,417.86930089388545,368.8399001559193,-1
2022-08-10,413.2418518066406,395.37953491210936,419.4114185687472,371.34765125547153,-1
2022-08-11,413.2418518066406,397.44972839355466,420.0325254842712,374.8669313028381,-1
2022-08-12,420.2376403808594,399.51451263427737,422.5197868103274,376.50923845822734,-1
2022-08-15,421.9693298339844,401.8223251342773,424.0642649757461,379.58038529280856,-1
2022-08-16,422.79583740234375,403.6637557983398,426.4697112462587,380.8578003504209,-1
2022-08-17,419.7948303222656,405.2321441650391,427.94030654925035,382.5239817808278,-1
2022-08-18,421.01495361328125,406.6637680053711,429.5703527680454,383.7571832426968,-1
2022-08-19,415.3573303222656,407.99453887939455,429.5710677058575,386.4180100529316,-1
2022-08-22,406.7085266113281,408.86925354003904,428.5776421937157,389.1608648863624,0
2022-08-23,405.724609375,409.92501373291014,426.1085254196502,393.74150204617007,0
2022-08-24,407.0234069824219,410.5463668823242,425.1266950209609,395.96603874368753,0
2022-08-25,412.76959228515625,411.2075714111328,424.8570419545216,397.558100867744,0
2022-08-26,398.7976989746094,410.87893829345705,425.4082925143542,396.34958407255994,0
2022-08-29,396.1607971191406,410.47848052978514,426.18058227486944,394.77637878470085,0
2022-08-30,391.8117980957031,409.9938934326172,427.3710713238367,392.6167155413977,1
2022-08-31,388.83050537109375,409.0458755493164,428.8310420962531,389.2607090023797,1
2022-09-01,390.0505676269531,408.1726364135742,429.7065956726672,386.6386771544812,1
2022-09-02,385.9377136230469,407.128190612793,430.852004423373,383.404376802213,1
2022-09-06,384.48150634765625,406.03455047607423,431.83436407708945,380.234736875059,1
2022-09-07,391.3887023925781,405.36695251464846,431.98573215660196,378.74817287269497,1
2022-09-08,393.94696044921875,404.40220794677737,431.21714812264673,377.587267770908,1
2022-09-09,400.0670166015625,403.74346618652345,430.29003141311017,377.1969009599367,1
2022-09-12,404.3667907714844,402.9499237060547,428.34431659372603,377.5555308183833,0
2022-09-13,386.7839050292969,401.19065246582034,425.9031415206221,376.47816341101856,0
2022-09-14,388.2597961425781,399.463850402832,422.59571459336365,376.33198621230036,0
2022-09-15,383.851806640625,397.66669921875,419.7070308515278,375.6263675859722,0
2022-09-16,380.92340087890625,395.66212158203126,415.9872031253961,375.33704003866643,0
2022-09-19,383.87744140625,394.08812713623047,412.8031407152677,375.3731135571932,0
2022-09-20,379.4710998535156,392.7262557983398,411.53826129234113,373.9142503043385,0
2022-09-21,372.8516540527344,391.0826080322266,410.8336687905047,371.33154727394844,0
2022-09-22,369.71978759765625,389.2174270629883,409.6633965791013,368.7714575468753,0
2022-09-23,363.52520751953125,386.75520782470704,407.1193358147488,366.3910798346653,1
2022-09-26,359.928955078125,384.8117706298828,407.610207314509,362.0133339452566,1
2022-09-27,359.0101623535156,382.95423889160156,407.8194142927529,358.0890634904502,1
2022-09-28,366.07415771484375,381.66735687255857,407.25590274999803,356.0788109951191,1
2022-09-29,358.42724609375,380.1471939086914,407.4958169835995,352.7985708337833,1
2022-09-30,352.88470458984375,378.2889007568359,407.77163635988154,348.8061651537903,1
2022-10-03,362.2012939453125,377.1020797729492,407.1931221268657,347.0110374190327,1
2022-10-04,373.4247131347656,376.5492401123047,406.47525729943925,346.6232229251701,1
2022-10-05,372.5552978515625,375.6075698852539,404.7422768962776,346.4728628742302,1
2022-10-06,368.7120361328125,374.34582366943357,402.2981253132851,346.39352202558206,1
2022-10-07,358.42724609375,372.26383514404296,398.28589406954615,346.24177621853977,1
2022-10-10,355.6905212402344,369.8300216674805,392.0350797868132,347.6249635481478,1
2022-10-11,353.4379577636719,368.16272430419923,390.01257010359427,346.3128785048042,1
2022-10-12,352.2721252441406,366.3633407592773,387.1458642173139,345.58081730124076,1
2022-10-13,361.5690002441406,365.24920043945315,384.41002217298626,346.08837870592004,1
2022-10-14,353.3293151855469,363.86949615478517,382.2355552509185,345.50343705865185,1
2022-10-17,362.4087829589844,362.7960632324219,378.564140557469,347.0279859073748,1
2022-10-18,366.66693115234375,362.1558547973633,375.9950263754252,348.3166832193014,0
2022-10-19,364.068603515625,361.7167022705078,374.65488785431216,348.7785166867035,0
2022-10-20,361.0157470703125,361.2815002441406,373.6596475148972,348.903352973384,0
2022-10-21,369.7889404296875,361.5946868896484,374.51687193783573,348.6725018414611,0
2022-10-24,374.3138732910156,362.31393280029295,376.39509126144463,348.23277433914126,0
2022-10-25,380.2911376953125,363.3779815673828,379.4792816994963,347.27668143526927,-1
2022-10-26,377.42596435546875,363.94557189941406,381.20568498150874,346.6854588173194,-1
2022-10-27,375.4105529785156,364.7947372436523,382.57498576445045,347.0144887228542,-1
2022-10-28,384.341796875,366.36759185791016,385.24343611288714,347.4917476029332,-1
2022-10-31,381.5655822753906,367.33580627441404,387.26877393533084,347.40283861349724,-1
2022-11-01,379.8959045410156,367.65936584472655,388.2090369380853,347.1096947513678,-1
2022-11-02,370.3619689941406,367.5496994018555,388.01258515661516,347.0868136470958,-1
2022-11-03,366.54840087890625,367.44151763916017,387.90140676726935,346.981628511051,0
2022-11-04,371.8241882324219,368.1113647460937,388.202527280849,348.02020221133847,0
2022-11-07,375.3808898925781,369.09588317871095,388.54375395143825,349.64801240598365,0
2022-11-08,377.4062194824219,370.29429626464844,388.5999505608215,351.98864196847535,0
2022-11-09,369.6308898925781,371.1622344970703,387.39920190557706,354.92526708856354,0
2022-11-10,389.9436340332031,372.5809661865234,390.18922147795695,354.9727108950899,0
2022-11-11,393.71771240234375,374.60038604736326,392.1761795161981,357.0245925785284,-1
2022-11-14,390.3684387207031,375.99836883544924,393.93524430712165,358.06149336377683,-1
2022-11-15,393.69793701171875,377.349919128418,396.3673064829533,358.33253177388264,-1
2022-11-16,390.6944885253906,378.68121337890625,397.51079343331406,359.85163332449844,-1
2022-11-17,389.4990234375,380.1053771972656,397.56823171043567,362.6425226840956,-1
2022-11-18,391.26751708984375,381.17930603027344,398.61258728942596,363.7460247711209,-1
2022-11-21,389.8448181152344,381.9558532714844,399.4848552491339,364.4268512938349,-1
2022-11-22,395.0909729003906,382.69584503173826,401.1538851152434,364.23780494823313,-1
2022-11-23,397.5806579589844,383.7035797119141,403.12574197169374,364.2814174521344,-1
2022-11-25,397.4917297363281,384.80763854980466,404.748375525359,364.86690157425033,-1
2022-11-28,391.1489562988281,385.1479965209961,405.2866482252826,365.00934481670964,-1
2022-11-29,390.4771423339844,385.5935745239258,405.7927430703952,365.39440597745636,-1
2022-11-30,402.7774353027344,386.7376510620117,408.13452172786066,365.34078039616276,-1
2022-12-01,402.48101806640625,388.343603515625,409.3838297934971,367.30337723775284,-1
2022-12-02,402.0166931152344,390.1170181274414,409.32121373360764,370.91282252127513,-1
2022-12-05,394.7846984863281,391.2650436401367,408.5100626005458,374.0200246797276,-1
2022-12-06,389.09393310546875,391.95069580078126,407.54833886131314,376.3530527402494,0
2022-12-07,388.4320373535156,392.5019866943359,406.64688691622894,378.3570864724429,0
2022-12-08,391.4750061035156,393.5941925048828,402.822077139384,384.3663078703816,0
2022-12-09,388.55059814453125,393.52454071044923,402.8884698216567,384.16061159924175,0
2022-12-12,394.15240478515625,393.54627532958983,402.9141094332384,384.17844122594124,0
2022-12-13,397.1361083984375,393.88465881347656,403.258089217663,384.51122840929014,0
2022-12-14,394.59698486328125,393.9296112060547,403.3078931421149,384.5513292699945,0
2022-12-15,384.9444885253906,393.64211120605466,403.7612551595587,383.52296725255064,0
2022-12-16,380.3997802734375,393.18714904785156,404.7987625096435,381.57553558605963,1
2022-12-19,377.1741027832031,392.4824783325195,406.11866773396514,378.8462889310739,1
2022-12-20,377.69024658203125,391.8747497558594,407.00720410782475,376.74229540389405,1
2022-12-21,383.3376159667969,391.2870819091797,406.80169011495934,375.7724737034,1
2022-12-22,377.8688659667969,390.30149230957034,406.61649189409286,373.9864927250478,1
2022-12-23,380.04248046875,389.4290298461914,405.989447137215,372.8686125551678,1
2022-12-27,378.5437927246094,388.7987716674805,406.02947243097344,371.5680709039875,1
2022-12-28,373.8392639160156,387.96687774658204,406.41960526406837,369.5141502290957,1
2022-12-29,380.5685119628906,386.85643157958987,404.195838255008,369.5170249041717,1
2022-12-30,379.5660400390625,385.71068267822267,401.67695409046325,369.7444112659821,1
2023-01-03,377.9681396484375,384.5082550048828,398.84277725270493,370.1737327570607,1
2023-01-04,380.8861389160156,383.8133270263672,397.37704755908265,370.2496064936517,1
2023-01-05,376.5389099121094,383.1855758666992,396.881751730947,369.4894000024514,1
2023-01-06,385.1737365722656,383.02266082763674,396.5323178559326,369.5130037993409,0
2023-01-09,384.95538330078125,382.6966796875,395.6508048851789,369.74255448982115,0
2023-01-10,387.655029296875,382.6519012451172,395.5267745762924,369.777027913942,0
2023-01-11,392.55804443359375,382.5721832275391,395.1638614953074,369.98050495977077,0
2023-01-12,393.98724365234375,382.41473999023435,394.2985116602951,370.5309683201736,0
2023-01-13,395.5157165527344,382.460676574707,394.5480813425469,370.37327180686714,-1
2023-01-17,394.7911682128906,382.95301055908203,396.2117655914699,369.6942555266942,-1
2023-01-18,388.5582275390625,383.3609329223633,396.7898548777938,369.9320109669328,-1
2023-01-19,385.7295837402344,383.78870697021483,396.9298001315828,370.64761380884687,-1
2023-01-20,392.91534423828125,384.54996185302736,397.96467234714186,371.13525135891285,-1
2023-01-23,397.6297912597656,385.26457061767576,399.87662414838553,370.652517086966,-1
2023-01-24,397.2029724121094,386.2312759399414,401.33318325305504,371.1293686268277,-1
2023-01-25,397.35186767578125,387.096745300293,402.6815337559955,371.5119568445905,-1
2023-01-26,401.71893310546875,388.25550231933596,404.59085481247683,371.9201498261951,-1
2023-01-27,402.6419372558594,389.6956359863281,405.75584933624066,373.63542263641557,-1
2023-01-30,397.5900573730469,390.5467132568359,406.3727444226863,374.7206820909855,-1
2023-01-31,403.43597412109375,391.7402099609375,407.67936843013257,375.8010514917424,-1
2023-02-01,407.7236022949219,393.22798309326174,409.3086953208658,377.1472708656577,-1
2023-02-02,413.6588134765625,394.8666168212891,412.2761998137344,377.45703382884375,-1
2023-02-03,409.26202392578125,396.50277252197264,412.773361425229,380.2321836187163,-1
2023-02-06,406.7608642578125,397.58212890625,413.54958585635995,381.61467195614,-1
2023-02-07,412.08074951171875,398.9383972167969,414.9977903178477,382.87900411574606,-1
2023-02-08,407.5747375488281,399.9343826293945,415.51086119264437,384.35790406614467,-1
2023-02-09,404.0413818359375,400.50854949951173,415.7838510398757,385.2332479591478,-1
2023-02-10,404.9842834472656,401.0584014892578,416.1357354478103,385.9810675307053,-1
2023-02-13,409.7384033203125,401.76953582763673,417.08588643874424,386.4531852165292,-1
2023-02-14,409.54986572265625,402.507470703125,417.8303142780371,387.1846271282129,-1
2023-02-15,410.87982177734375,403.62355041503906,417.8831915967187,389.36390923335944,-1
2023-02-16,405.22247314453125,404.5981948852539,416.1076085624245,393.08878120808333,-1
2023-02-17,404.21014404296875,405.1629348754883,415.28325652887946,395.04261322209715,0
2023-02-21,396.101318359375,405.0865112304688,415.4661183006922,394.70690416024536,0
2023-02-22,395.555419921875,405.004133605957,415.6694038515016,394.3388633604124,0
2023-02-23,397.6595458984375,405.01951751708987,415.6391023155227,394.39993271865706,0
2023-02-24,393.4115905761719,404.604150390625,416.35671807912126,392.8515827021288,0
2023-02-27,394.7514953613281,404.2096282958984,416.743331084954,391.6759255068429,0
2023-02-28,393.29248046875,403.99474945068357,417.138785846952,390.85071305441517,0
2023-03-01,391.78387451171875,403.41214447021486,417.6480642462143,389.1762246942154,0
2023-03-02,394.83087158203125,402.7675079345703,417.3449249097324,388.19009095940817,0
2023-03-03,401.1630859375,402.14272155761716,415.79653637153734,388.488906743697,0
2023-03-06,401.4410400390625,401.7516723632813,414.9885914786491,388.51475324791346,0
2023-03-07,395.2874450683594,401.1780014038086,414.49509287625847,387.8609099313587,0
2023-03-08,395.9325866699219,400.37059326171874,412.8352354346753,387.90595108876215,0
2023-03-09,388.627685546875,399.4232406616211,412.4498639594831,386.3966173637591,0
2023-03-10,383.02001953125,398.3721725463867,413.10977140797814,383.63457368479527,1
2023-03-13,382.4740905761719,397.24666290283204,413.2425732787677,381.2507525268964,1
2023-03-14,388.79644775390625,396.1995651245117,411.47812071099685,380.92100953802657,1
2023-03-15,386.3647766113281,395.0403106689453,409.55293936207795,380.5276819758127,1
2023-03-16,393.14361572265625,394.15350036621095,406.6131746825847,381.6938260498372,1
2023-03-17,388.54669189453125,393.31971130371096,404.8583567426743,381.78106586474763,1
2023-03-20,392.2828063964844,392.72334442138674,403.0626122928582,382.3840765499153,1
2023-03-21,397.4336853027344,392.7899627685547,403.2374759833157,382.3424495537937,0
2023-03-22,390.6588439941406,392.54513397216795,402.94918298096496,382.14108496337093,0
2023-03-23,391.7149353027344,392.24790344238284,402.3726539465507,382.12315293821496,0
2023-03-24,394.285400390625,392.29159393310545,402.44498869394107,382.1381991722698,0
2023-03-27,395.02264404296875,392.3051513671875,402.47308976134553,382.1372129730294,0
2023-03-28,394.1359558105469,392.34732513427736,402.5394745048524,382.1551757637023,0
2023-03-29,399.8646545410156,392.75136413574216,403.47622341612225,382.0265048553621,0
2023-03-30,402.2059631347656,393.12011871337893,404.6248351239498,381.61540230280804,0
2023-03-31,407.8749084472656,393.45570983886716,406.2657794287942,380.64564024894014,-1
2023-04-03,409.42913818359375,393.85511474609376,408.1280879018525,379.582141590335,-1
2023-04-04,407.1575927734375,394.44862213134763,409.9100764378184,378.98716782487685,-1
2023-04-05,406.091552734375,394.9565704345703,411.26745899494694,378.6456818741937,-1
2023-04-06,407.6756591796875,395.9089691162109,412.8751480201145,378.94279021230733,-1
2023-04-10,408.0940856933594,397.1626724243164,413.8215403409068,380.503804507726,-1
2023-04-11,408.20367431640625,398.44915161132815,414.28554303538425,382.61276018727204,-1
2023-04-12,406.53985595703125,399.33632202148436,414.8811774687509,383.79146657421785,-1
2023-04-13,411.9398193359375,400.61507415771484,415.8720658966027,385.358082418827,-1
2023-04-14,410.93353271484375,401.5045700073242,416.9999606556921,386.0091793589563,-1
2023-04-17,412.4080810546875,402.69763946533203,417.65737860767206,387.737900322992,-1
2023-04-18,412.67706298828125,403.71735229492185,418.46679930067984,388.96790528916387,-1
2023-04-19,412.6073303222656,404.4760345458984,419.42422332147214,389.5278457703247,-1
2023-04-20,410.355712890625,405.4608779907227,419.11554506956026,391.8062109118851,-1
2023-04-21,410.6745300292969,406.40885772705076,418.59940710803966,394.21830834606186,-1
2023-04-24,411.1029357910156,407.24973449707034,418.1734872138685,396.3259817802722,-1
2023-04-25,404.5771484375,407.7274597167969,417.12943399206824,398.32548544152553,0
2023-04-26,402.8634948730469,408.16383666992186,415.4908882052919,400.8367851345518,0
2023-04-27,410.88372802734375,408.7147903442383,414.9968849651163,402.43269572336027,0
2023-04-28,414.39068603515625,409.3240264892578,415.30443261110076,403.3436203674148,0
2023-05-01,413.9722595214844,409.62889404296874,415.91224238402447,403.345545701913,0
2023-05-02,409.3195495605469,409.62341461181643,415.90768748611583,403.339141737517,0
2023-05-03,406.5099792480469,409.5910339355469,415.93519227075564,403.2468756003381,0
2023-05-04,403.63067626953125,409.4679901123047,416.18256715108515,402.7534130735242,0
2023-05-05,411.1029357910156,409.6393539428711,416.33624440428673,402.94246348145543,0
2023-05-08,411.2124938964844,409.79527435302737,416.4858854597647,403.10466324629004,0
2023-05-09,409.4092102050781,409.8555511474609,416.5073970277751,403.20370526714674,0
2023-05-10,411.3221130371094,410.0946640014648,416.58655326852204,403.6027747344076,0
2023-05-11,410.6047668457031,410.0279113769531,416.46715721642533,403.5886655374809,0
2023-05-12,410.0667724609375,409.9845733642578,416.40980749343174,403.5593392350839,0
2023-05-15,411.48150634765625,409.93824462890626,416.3029789056875,403.573510352125,0
2023-05-16,408.7317199707031,409.74097747802733,415.99183915564805,403.4901158004066,0
2023-05-17,413.69329833984375,409.79527587890624,416.1686404513959,403.4219113064166,0
2023-05-18,417.6784973144531,410.16141510009766,417.44649528023984,402.87633491995547,-1
2023-05-19,417.07073974609375,410.4812255859375,418.39555333999897,402.5668978318761,-1
2023-05-22,417.2401428222656,410.7880859375,419.260169458845,402.316002416155,-1
2023-05-23,412.5575256347656,411.1871047973633,419.16480790128304,403.20940169344357,-1
2023-05-24,409.568603515625,411.52236022949216,418.53208186221497,404.51263859676936,0
2023-05-25,413.1154479980469,411.63394622802736,418.6718583937131,404.59603406234163,0
2023-05-26,418.4655456542969,411.8376892089844,419.4260306636879,404.24934775428085,0
2023-05-30,418.6249694824219,412.07032470703126,420.2001566629526,403.9404927511099,0
2023-05-31,416.3036193847656,412.4195281982422,420.6512058376551,404.18785055882927,0
2023-06-01,420.2589111328125,413.10697479248046,421.5542596780793,404.6596899068816,0
2023-06-02,426.3363342285156,414.2422576904297,423.4003122578231,405.08420312303633,-1
2023-06-05,425.5193786621094,414.96307983398435,425.27718617434124,404.64897349362747,-1
2023-06-06,426.4459228515625,415.7247512817383,427.0709277451177,404.3785748183589,-1
2023-06-07,424.97137451171875,416.5028594970703,428.15572998849456,404.849989005646,-1
2023-06-08,427.5418701171875,417.31384735107423,429.68414455534,404.94355014680843,-1
2023-06-09,428.3089904785156,418.19905853271484,431.0715067587123,405.3266103067174,-1
2023-06-12,432.1945495605469,419.3054473876953,433.0116304120446,405.59926436334604,-1
2023-06-13,435.0439758300781,420.4835708618164,435.35891342621306,405.60822829741977,-1
2023-06-14,435.5620422363281,421.82508697509763,437.0726656813767,406.5775082688186,-1
2023-06-15,440.9620056152344,423.1885223388672,440.15435591062646,406.2226887671079,-1
2023-06-16,439.4599914550781,424.27759704589846,442.5037570988335,406.05143699296343,-1
2023-06-20,437.17999267578125,425.28305969238284,444.04601447028136,406.5201049144843,-1
2023-06-21,434.94000244140625,426.16805267333984,445.0032605896437,407.332844757036,-1
2023-06-22,436.510009765625,427.3656768798828,445.5932302126422,409.1381235471234,-1
2023-06-23,433.2099914550781,428.5477462768555,444.883899329802,412.211593223909,-1
2023-06-26,431.44000244140625,429.46397399902344,444.1254298000936,414.80251819795325,-1
2023-06-27,436.1700134277344,430.3491973876953,444.33704917935086,416.36134559603977,-1
2023-06-28,436.3900146484375,431.2374496459961,444.3172782381903,418.1576210538019,-1
2023-06-29,438.1099853515625,432.32776794433596,443.68860262387125,420.9669332648007,-1
2023-06-30,443.2799987792969,433.4788223266602,444.3451993787226,422.61244527459775,-1
2023-07-03,443.7900085449219,434.3515060424805,445.59938398285004,423.1036281021109,-1
2023-07-05,443.1300048828125,435.23203735351564,446.3248891182117,424.1391855888196,-1
2023-07-06,439.6600036621094,435.89274139404296,446.3373264156997,425.4481563723862,-1
2023-07-07,438.54998779296875,436.5716720581055,445.7108325541432,427.43251156206776,-1
2023-07-10,439.6600036621094,437.1775787353516,445.35197032954164,429.0031871411615,-1
2023-07-11,442.4599914550781,437.8851287841797,445.23557030664796,430.53468726171144,-1
2023-07-12,446.0199890136719,438.57640075683594,446.26609071679815,430.88671079687373,-1
2023-07-13,449.55999755859375,439.30220184326174,448.22879669095823,430.37560699556525,-1
2023-07-14,449.2799987792969,439.9880996704102,449.77163014077377,430.2045692000466,-1
2023-07-17,450.8399963378906,440.481999206543,451.4036764313438,429.56032198174216,-1
2023-07-18,454.19000244140625,441.2184997558594,453.7220621983085,428.7149373134103,-1
2023-07-19,455.20001220703125,442.1195007324219,455.92680388092106,428.31219758392274,-1
2023-07-20,452.17999267578125,442.98150024414065,457.05166378923246,428.91133669904883,-1
2023-07-21,452.17999267578125,443.76499938964844,458.06118799591263,429.46881078338424,-1
2023-07-24,454.20001220703125,444.8145004272461,458.92878615486876,430.7002146996235,-1
2023-07-25,455.44000244140625,446.0145004272461,459.4033106749612,432.62569017953103,-1
2023-07-26,455.510009765625,446.98150024414065,460.16869610486657,433.7943043834147,-1
2023-07-27,452.489990234375,447.7864990234375,460.19395496381173,435.37904308306327,-1
2023-07-28,456.9200134277344,448.7270004272461,460.89541410713855,436.5585867473536,-1
2023-07-31,457.7900085449219,449.45250091552737,461.97847523058516,436.9265266004696,-1
2023-08-01,456.4800109863281,450.08700103759764,462.6906381435824,437.48336393161287,-1
2023-08-02,450.1300048828125,450.43700103759767,462.60855958723937,438.26544248795597,0
2023-08-03,448.8399963378906,450.89600067138673,462.00209777881435,439.7899035639591,0
2023-08-04,446.80999755859375,451.30900115966796,461.0070814464857,441.6109208728502,0
2023-08-07,450.7099914550781,451.8615005493164,459.8786555027796,443.8443455958532,0
2023-08-08,448.75,452.1760009765625,459.0526590755126,445.29934287761233,0
2023-08-09,445.75,452.1625015258789,459.0909081469377,445.2340949048201,0
2023-08-10,445.9100036621094,451.98000183105466,459.373711345464,444.5862923166453,0
2023-08-11,445.6499938964844,451.7985015869141,459.63617181031503,443.96083136351314,0
2023-08-14,448.1099853515625,451.66200103759763,459.6633413954181,443.66066067977715,0
2023-08-15,442.8900146484375,451.09700164794924,459.90219561318685,442.29180768271164,0
2023-08-16,439.6400146484375,450.31900177001955,460.27254145136766,440.36546208867145,1
2023-08-17,436.2900085449219,449.5245025634766,461.2343392459495,437.81466588100363,1
2023-08-18,436.5,448.7405029296875,461.73130321816905,435.749702641206,1
2023-08-21,439.3399963378906,447.9975021362305,461.36782683168343,434.62717744077753,1
2023-08-22,438.1499938964844,447.13300170898435,460.71140487576986,433.55459854219885,1
